<?xml version="1.0" encoding="UTF-8"?>
<!DOCTYPE mapper PUBLIC "-//mybatis.org//DTD Mapper 3.0//EN" "http://mybatis.org/dtd/mybatis-3-mapper.dtd">
<mapper namespace="com.dkt.blogboot.mapper.ArticleTagMapper">
  <resultMap id="BaseResultMap" type="com.dkt.blogboot.entity.ArticleTag">
    <!--@Table article_tag-->
    <id column="id" jdbcType="INTEGER" property="id" />
    <result column="aid" jdbcType="INTEGER" property="aid" />
    <result column="tid" jdbcType="INTEGER" property="tid" />
  </resultMap>
  <sql id="Base_Column_List">
    id, aid, tid
  </sql>
  <select id="selectByPrimaryKey" parameterType="java.lang.Integer" resultMap="BaseResultMap">
    select 
    <include refid="Base_Column_List" />
    from article_tag
    where id = #{id,jdbcType=INTEGER}
  </select>
  <delete id="deleteByPrimaryKey" parameterType="java.lang.Integer">
    delete from article_tag
    where id = #{id,jdbcType=INTEGER}
  </delete>
  <insert id="insert" keyColumn="id" keyProperty="id" parameterType="com.dkt.blogboot.entity.ArticleTag" useGeneratedKeys="true">
    insert into article_tag (aid, tid)
    values (#{aid,jdbcType=INTEGER}, #{tid,jdbcType=INTEGER})
  </insert>
  <insert id="insertSelective" keyColumn="id" keyProperty="id" parameterType="com.dkt.blogboot.entity.ArticleTag" useGeneratedKeys="true">
    insert into article_tag
    <trim prefix="(" suffix=")" suffixOverrides=",">
      <if test="aid != null">
        aid,
      </if>
      <if test="tid != null">
        tid,
      </if>
    </trim>
    <trim prefix="values (" suffix=")" suffixOverrides=",">
      <if test="aid != null">
        #{aid,jdbcType=INTEGER},
      </if>
      <if test="tid != null">
        #{tid,jdbcType=INTEGER},
      </if>
    </trim>
  </insert>
  <update id="updateByPrimaryKeySelective" parameterType="com.dkt.blogboot.entity.ArticleTag">
    update article_tag
    <set>
      <if test="aid != null">
        aid = #{aid,jdbcType=INTEGER},
      </if>
      <if test="tid != null">
        tid = #{tid,jdbcType=INTEGER},
      </if>
    </set>
    where id = #{id,jdbcType=INTEGER}
  </update>
  <update id="updateByPrimaryKey" parameterType="com.dkt.blogboot.entity.ArticleTag">
    update article_tag
    set aid = #{aid,jdbcType=INTEGER},
      tid = #{tid,jdbcType=INTEGER}
    where id = #{id,jdbcType=INTEGER}
  </update>

<!--auto generated by MybatisCodeHelper on 2021-07-05-->
  <delete id="deleteByAid">
    delete from article_tag
    where aid=#{aid,jdbcType=INTEGER}
  </delete>

<!--auto generated by MybatisCodeHelper on 2021-07-05-->
  <select id="selectByTid" resultMap="BaseResultMap">
    select
    <include refid="Base_Column_List"/>
    from article_tag
    where tid=#{tid,jdbcType=INTEGER}
  </select>
</mapper>